﻿"Cube Title","Product Id","CANSIM Id",URL,"Cube Notes","Archive Status",Frequency,"Start Reference Period","End Reference Period","Total number of dimensions"
"Daily average foreign exchange rates in Canadian dollars, Bank of Canada","33100036","176-0080","https://www150.statcan.gc.ca/t1/tbl1/en/tv.action?pid=3310003601",1;2;3;4,"CURRENT - a cube available to the public and that is current","Daily","1981-05-04","2025-06-09","2",

"Dimension ID","Dimension name","Dimension Notes","Dimension Definitions"
"1","Geography",,""
"2","Type of currency",,""

"Dimension ID","Member Name","Classification Code","Member ID","Parent Member ID",Terminated,"Member Notes","Member Definitions"
"1","Canada","[11124]","1","","",,
"2","Australian dollar, daily average","","1","","",,
"2","Brazilian real, daily average","","2","","",,
"2","Chinese renminbi, daily average","","3","","",,
"2","European euro, daily average","","4","","",,
"2","Hong Kong dollar, daily average","","5","","",,
"2","Indian rupee, daily average","","6","","",,
"2","Indonesian rupiah, daily average","","7","","",,
"2","Japanese yen, daily average","","8","","",,
"2","Malaysian ringgit, daily average","","9","","t",,
"2","Mexican peso, daily average","","10","","",,
"2","New Zealand dollar, daily average","","11","","",,
"2","Norwegian krone, daily average","","12","","",,
"2","Peruvian new sol, daily average","","13","","",,
"2","Russian ruble, daily average","","14","","",,
"2","Saudi riyal, daily average","","15","","",,
"2","Singapore dollar, daily average","","16","","",,
"2","South African rand, daily average","","17","","",,
"2","South Korean won, daily average","","18","","",,
"2","Swedish krona, daily average","","19","","",,
"2","Swiss franc, daily average","","20","","",,
"2","Taiwanese dollar, daily average","","21","","",,
"2","Thai baht, daily average","","22","","t",,
"2","Turkish lira, daily average","","23","","",,
"2","U.K. pound sterling, daily average","","24","","",,
"2","U.S. dollar, daily average","","25","","",,
"2","Vietnamese dong, daily average","","26","","t",,
"2","Canadian-Dollar Effective Exchange Rate Index (CERI)","","27","","t",3,

Symbol Legend
Description,Symbol
"not available for a specific reference period","..",
"less than the limit of detection","<LOD",
"value rounded to 0 (zero) where there is a meaningful distinction between true zero and the value that was rounded","0s",
"data quality: excellent","A",
"data quality: very good","B",
"data quality: good","C",
"data quality: acceptable","D",
"use with caution","E",
"too unreliable to be published","F",
"not applicable","...",
"preliminary","p",
"revised","r",
"suppressed to meet the confidentiality requirements of the Statistics Act","x",
"terminated","t",

"Survey Code","Survey Name"
"7502","Bank of Canada"

"Subject Code","Subject Name"
"33","Business performance and ownership"

"Note ID",Note
1,"A numeric value "0" indicates a weekend."
2,"Effective March 2, 2017, the Bank of Canada will change the number, frequency and calculation methodology of its published foreign exchange (FX) rates. As a result, the CANSIM table (176-0080), "Daily average foreign exchange rates in Canadian dollars, Bank of Canada", will display the daily averages of foreign currency exchange rates and Canadian-Dollar Effective Exchange Rate Index (CERI). (http://www.bankofcanada.ca/2016/12/bank-canada-announces-details-forthcoming-changes/)"
3,"Effective March 2, 2017, Canadian-Dollar Effective Exchange Rate Index (CERI) will be calculated at the end of day instead of noon."
4,"Effective March 2, 2017, the Canadian-Dollar Effective Exchange Rate Index (CERI) (V41589522) will be moved to CANSIM table 176-0080 as V111666250, as a result of the changes to the exchange rates. The pre-March 2017 CERI data will not be revised to reflect the new methodology."

"Correction ID","Correction Date","Correction Note"
